timestamp,ip,port,open,service,banner
2025-10-04T17:04:35.387615,192.168.174.131,1,False,,
2025-10-04T17:04:35.387615,192.168.174.131,2,False,,
2025-10-04T17:04:35.387615,192.168.174.131,3,False,,
2025-10-04T17:04:35.387615,192.168.174.131,4,False,,
2025-10-04T17:04:35.387615,192.168.174.131,5,False,,
2025-10-04T17:04:35.387615,192.168.174.131,6,False,,
2025-10-04T17:04:35.387615,192.168.174.131,7,False,,
2025-10-04T17:04:35.387615,192.168.174.131,8,False,,
2025-10-04T17:04:35.387615,192.168.174.131,9,False,,
2025-10-04T17:04:35.387615,192.168.174.131,10,False,,
2025-10-04T17:04:35.387615,192.168.174.131,11,False,,
2025-10-04T17:04:35.387615,192.168.174.131,12,False,,
2025-10-04T17:04:35.387615,192.168.174.131,13,False,,
2025-10-04T17:04:35.387615,192.168.174.131,14,False,,
2025-10-04T17:04:35.387615,192.168.174.131,15,False,,
2025-10-04T17:04:35.387615,192.168.174.131,16,False,,
2025-10-04T17:04:35.387615,192.168.174.131,17,False,,
2025-10-04T17:04:35.387615,192.168.174.131,18,False,,
2025-10-04T17:04:35.387615,192.168.174.131,19,False,,
2025-10-04T17:04:35.387615,192.168.174.131,20,False,,
2025-10-04T17:04:35.387615,192.168.174.131,21,True,,220 (vsFTPd 2.3.4)
2025-10-04T17:04:35.387615,192.168.174.131,22,True,,SSH-2.0-OpenSSH_4.7p1 Debian-8ubuntu1
2025-10-04T17:04:35.387615,192.168.174.131,23,True,, #'
2025-10-04T17:04:35.387615,192.168.174.131,24,False,,
2025-10-04T17:04:35.387615,192.168.174.131,25,True,,220 metasploitable.localdomain ESMTP Postfix (Ubuntu)
2025-10-04T17:04:35.387615,192.168.174.131,26,False,,
2025-10-04T17:04:35.387615,192.168.174.131,27,False,,
2025-10-04T17:04:35.387615,192.168.174.131,28,False,,
2025-10-04T17:04:35.387615,192.168.174.131,29,False,,
2025-10-04T17:04:35.387615,192.168.174.131,30,False,,
2025-10-04T17:04:35.387615,192.168.174.131,31,False,,
2025-10-04T17:04:35.387615,192.168.174.131,32,False,,
2025-10-04T17:04:35.387615,192.168.174.131,33,False,,
2025-10-04T17:04:35.387615,192.168.174.131,34,False,,
2025-10-04T17:04:35.387615,192.168.174.131,35,False,,
2025-10-04T17:04:35.387615,192.168.174.131,36,False,,
2025-10-04T17:04:35.387615,192.168.174.131,37,False,,
2025-10-04T17:04:35.387615,192.168.174.131,38,False,,
2025-10-04T17:04:35.387615,192.168.174.131,39,False,,
2025-10-04T17:04:35.387615,192.168.174.131,40,False,,
2025-10-04T17:04:35.387615,192.168.174.131,41,False,,
2025-10-04T17:04:35.387615,192.168.174.131,42,False,,
2025-10-04T17:04:35.387615,192.168.174.131,43,False,,
2025-10-04T17:04:35.387615,192.168.174.131,44,False,,
2025-10-04T17:04:35.387615,192.168.174.131,45,False,,
2025-10-04T17:04:35.387615,192.168.174.131,46,False,,
2025-10-04T17:04:35.387615,192.168.174.131,47,False,,
2025-10-04T17:04:35.387615,192.168.174.131,48,False,,
2025-10-04T17:04:35.387615,192.168.174.131,49,False,,
2025-10-04T17:04:35.387615,192.168.174.131,50,False,,
2025-10-04T17:04:35.387615,192.168.174.131,51,False,,
2025-10-04T17:04:35.387615,192.168.174.131,52,False,,
2025-10-04T17:04:35.387615,192.168.174.131,53,True,,
2025-10-04T17:04:35.387615,192.168.174.131,54,False,,
2025-10-04T17:04:35.387615,192.168.174.131,55,False,,
2025-10-04T17:04:35.387615,192.168.174.131,56,False,,
2025-10-04T17:04:35.387615,192.168.174.131,57,False,,
2025-10-04T17:04:35.387615,192.168.174.131,58,False,,
2025-10-04T17:04:35.387615,192.168.174.131,59,False,,
2025-10-04T17:04:35.387615,192.168.174.131,60,False,,
2025-10-04T17:04:35.387615,192.168.174.131,61,False,,
2025-10-04T17:04:35.387615,192.168.174.131,62,False,,
2025-10-04T17:04:35.387615,192.168.174.131,63,False,,
2025-10-04T17:04:35.387615,192.168.174.131,64,False,,
2025-10-04T17:04:35.387615,192.168.174.131,65,False,,
2025-10-04T17:04:35.387615,192.168.174.131,66,False,,
2025-10-04T17:04:35.387615,192.168.174.131,67,False,,
2025-10-04T17:04:35.387615,192.168.174.131,68,False,,
2025-10-04T17:04:35.387615,192.168.174.131,69,False,,
2025-10-04T17:04:35.387615,192.168.174.131,70,False,,
2025-10-04T17:04:35.387615,192.168.174.131,71,False,,
2025-10-04T17:04:35.387615,192.168.174.131,72,False,,
2025-10-04T17:04:35.387615,192.168.174.131,73,False,,
2025-10-04T17:04:35.387615,192.168.174.131,74,False,,
2025-10-04T17:04:35.387615,192.168.174.131,75,False,,
2025-10-04T17:04:35.387615,192.168.174.131,76,False,,
2025-10-04T17:04:35.387615,192.168.174.131,77,False,,
2025-10-04T17:04:35.387615,192.168.174.131,78,False,,
2025-10-04T17:04:35.387615,192.168.174.131,79,False,,
2025-10-04T17:04:35.387615,192.168.174.131,80,True,,
2025-10-04T17:04:35.387615,192.168.174.131,81,False,,
2025-10-04T17:04:35.387615,192.168.174.131,82,False,,
2025-10-04T17:04:35.387615,192.168.174.131,83,False,,
2025-10-04T17:04:35.387615,192.168.174.131,84,False,,
2025-10-04T17:04:35.387615,192.168.174.131,85,False,,
2025-10-04T17:04:35.387615,192.168.174.131,86,False,,
2025-10-04T17:04:35.387615,192.168.174.131,87,False,,
2025-10-04T17:04:35.387615,192.168.174.131,88,False,,
2025-10-04T17:04:35.387615,192.168.174.131,89,False,,
2025-10-04T17:04:35.387615,192.168.174.131,90,False,,
2025-10-04T17:04:35.387615,192.168.174.131,91,False,,
2025-10-04T17:04:35.387615,192.168.174.131,92,False,,
2025-10-04T17:04:35.387615,192.168.174.131,93,False,,
2025-10-04T17:04:35.387615,192.168.174.131,94,False,,
2025-10-04T17:04:35.387615,192.168.174.131,95,False,,
2025-10-04T17:04:35.387615,192.168.174.131,96,False,,
2025-10-04T17:04:35.387615,192.168.174.131,97,False,,
2025-10-04T17:04:35.387615,192.168.174.131,98,False,,
2025-10-04T17:04:35.387615,192.168.174.131,99,False,,
2025-10-04T17:04:35.387615,192.168.174.131,100,False,,
2025-10-04T17:04:35.387615,192.168.174.131,101,False,,
2025-10-04T17:04:35.387615,192.168.174.131,102,False,,
2025-10-04T17:04:35.387615,192.168.174.131,103,False,,
2025-10-04T17:04:35.387615,192.168.174.131,104,False,,
2025-10-04T17:04:35.387615,192.168.174.131,105,False,,
2025-10-04T17:04:35.387615,192.168.174.131,106,False,,
2025-10-04T17:04:35.387615,192.168.174.131,107,False,,
2025-10-04T17:04:35.387615,192.168.174.131,108,False,,
2025-10-04T17:04:35.387615,192.168.174.131,109,False,,
2025-10-04T17:04:35.387615,192.168.174.131,110,False,,
2025-10-04T17:04:35.387615,192.168.174.131,111,True,,
2025-10-04T17:04:35.387615,192.168.174.131,112,False,,
2025-10-04T17:04:35.387615,192.168.174.131,113,False,,
2025-10-04T17:04:35.387615,192.168.174.131,114,False,,
2025-10-04T17:04:35.387615,192.168.174.131,115,False,,
2025-10-04T17:04:35.387615,192.168.174.131,116,False,,
2025-10-04T17:04:35.387615,192.168.174.131,117,False,,
2025-10-04T17:04:35.387615,192.168.174.131,118,False,,
2025-10-04T17:04:35.387615,192.168.174.131,119,False,,
2025-10-04T17:04:35.387615,192.168.174.131,120,False,,
2025-10-04T17:04:35.387615,192.168.174.131,121,False,,
2025-10-04T17:04:35.387615,192.168.174.131,122,False,,
2025-10-04T17:04:35.387615,192.168.174.131,123,False,,
2025-10-04T17:04:35.387615,192.168.174.131,124,False,,
2025-10-04T17:04:35.387615,192.168.174.131,125,False,,
2025-10-04T17:04:35.387615,192.168.174.131,126,False,,
2025-10-04T17:04:35.387615,192.168.174.131,127,False,,
2025-10-04T17:04:35.387615,192.168.174.131,128,False,,
2025-10-04T17:04:35.387615,192.168.174.131,129,False,,
2025-10-04T17:04:35.387615,192.168.174.131,130,False,,
2025-10-04T17:04:35.387615,192.168.174.131,131,False,,
2025-10-04T17:04:35.387615,192.168.174.131,132,False,,
2025-10-04T17:04:35.387615,192.168.174.131,133,False,,
2025-10-04T17:04:35.387615,192.168.174.131,134,False,,
2025-10-04T17:04:35.387615,192.168.174.131,135,False,,
2025-10-04T17:04:35.387615,192.168.174.131,136,False,,
2025-10-04T17:04:35.387615,192.168.174.131,137,False,,
2025-10-04T17:04:35.387615,192.168.174.131,138,False,,
2025-10-04T17:04:35.387615,192.168.174.131,139,True,,
2025-10-04T17:04:35.387615,192.168.174.131,140,False,,
2025-10-04T17:04:35.387615,192.168.174.131,141,False,,
2025-10-04T17:04:35.387615,192.168.174.131,142,False,,
2025-10-04T17:04:35.387615,192.168.174.131,143,False,,
2025-10-04T17:04:35.387615,192.168.174.131,144,False,,
2025-10-04T17:04:35.387615,192.168.174.131,145,False,,
2025-10-04T17:04:35.387615,192.168.174.131,146,False,,
2025-10-04T17:04:35.387615,192.168.174.131,147,False,,
2025-10-04T17:04:35.387615,192.168.174.131,148,False,,
2025-10-04T17:04:35.387615,192.168.174.131,149,False,,
2025-10-04T17:04:35.387615,192.168.174.131,150,False,,
2025-10-04T17:04:35.387615,192.168.174.131,151,False,,
2025-10-04T17:04:35.387615,192.168.174.131,152,False,,
2025-10-04T17:04:35.387615,192.168.174.131,153,False,,
2025-10-04T17:04:35.387615,192.168.174.131,154,False,,
2025-10-04T17:04:35.387615,192.168.174.131,155,False,,
2025-10-04T17:04:35.387615,192.168.174.131,156,False,,
2025-10-04T17:04:35.387615,192.168.174.131,157,False,,
2025-10-04T17:04:35.387615,192.168.174.131,158,False,,
2025-10-04T17:04:35.387615,192.168.174.131,159,False,,
2025-10-04T17:04:35.387615,192.168.174.131,160,False,,
2025-10-04T17:04:35.387615,192.168.174.131,161,False,,
2025-10-04T17:04:35.387615,192.168.174.131,162,False,,
2025-10-04T17:04:35.387615,192.168.174.131,163,False,,
2025-10-04T17:04:35.387615,192.168.174.131,164,False,,
2025-10-04T17:04:35.387615,192.168.174.131,165,False,,
2025-10-04T17:04:35.387615,192.168.174.131,166,False,,
2025-10-04T17:04:35.387615,192.168.174.131,167,False,,
2025-10-04T17:04:35.387615,192.168.174.131,168,False,,
2025-10-04T17:04:35.387615,192.168.174.131,169,False,,
2025-10-04T17:04:35.387615,192.168.174.131,170,False,,
2025-10-04T17:04:35.387615,192.168.174.131,171,False,,
2025-10-04T17:04:35.387615,192.168.174.131,172,False,,
2025-10-04T17:04:35.387615,192.168.174.131,173,False,,
2025-10-04T17:04:35.387615,192.168.174.131,174,False,,
2025-10-04T17:04:35.387615,192.168.174.131,175,False,,
2025-10-04T17:04:35.387615,192.168.174.131,176,False,,
2025-10-04T17:04:35.387615,192.168.174.131,177,False,,
2025-10-04T17:04:35.387615,192.168.174.131,178,False,,
2025-10-04T17:04:35.387615,192.168.174.131,179,False,,
2025-10-04T17:04:35.387615,192.168.174.131,180,False,,
2025-10-04T17:04:35.387615,192.168.174.131,181,False,,
2025-10-04T17:04:35.387615,192.168.174.131,182,False,,
2025-10-04T17:04:35.387615,192.168.174.131,183,False,,
2025-10-04T17:04:35.387615,192.168.174.131,184,False,,
2025-10-04T17:04:35.387615,192.168.174.131,185,False,,
2025-10-04T17:04:35.387615,192.168.174.131,186,False,,
2025-10-04T17:04:35.387615,192.168.174.131,187,False,,
2025-10-04T17:04:35.387615,192.168.174.131,188,False,,
2025-10-04T17:04:35.387615,192.168.174.131,189,False,,
2025-10-04T17:04:35.387615,192.168.174.131,190,False,,
2025-10-04T17:04:35.387615,192.168.174.131,191,False,,
2025-10-04T17:04:35.387615,192.168.174.131,192,False,,
2025-10-04T17:04:35.387615,192.168.174.131,193,False,,
2025-10-04T17:04:35.387615,192.168.174.131,194,False,,
2025-10-04T17:04:35.387615,192.168.174.131,195,False,,
2025-10-04T17:04:35.387615,192.168.174.131,196,False,,
2025-10-04T17:04:35.387615,192.168.174.131,197,False,,
2025-10-04T17:04:35.387615,192.168.174.131,198,False,,
2025-10-04T17:04:35.387615,192.168.174.131,199,False,,
2025-10-04T17:04:35.387615,192.168.174.131,200,False,,
2025-10-04T17:04:35.387615,192.168.174.131,201,False,,
2025-10-04T17:04:35.387615,192.168.174.131,202,False,,
2025-10-04T17:04:35.387615,192.168.174.131,203,False,,
2025-10-04T17:04:35.387615,192.168.174.131,204,False,,
2025-10-04T17:04:35.387615,192.168.174.131,205,False,,
2025-10-04T17:04:35.387615,192.168.174.131,206,False,,
2025-10-04T17:04:35.387615,192.168.174.131,207,False,,
2025-10-04T17:04:35.387615,192.168.174.131,208,False,,
2025-10-04T17:04:35.387615,192.168.174.131,209,False,,
2025-10-04T17:04:35.387615,192.168.174.131,210,False,,
2025-10-04T17:04:35.387615,192.168.174.131,211,False,,
2025-10-04T17:04:35.387615,192.168.174.131,212,False,,
2025-10-04T17:04:35.387615,192.168.174.131,213,False,,
2025-10-04T17:04:35.387615,192.168.174.131,214,False,,
2025-10-04T17:04:35.387615,192.168.174.131,215,False,,
2025-10-04T17:04:35.387615,192.168.174.131,216,False,,
2025-10-04T17:04:35.387615,192.168.174.131,217,False,,
2025-10-04T17:04:35.387615,192.168.174.131,218,False,,
2025-10-04T17:04:35.387615,192.168.174.131,219,False,,
2025-10-04T17:04:35.387615,192.168.174.131,220,False,,
2025-10-04T17:04:35.387615,192.168.174.131,221,False,,
2025-10-04T17:04:35.387615,192.168.174.131,222,False,,
2025-10-04T17:04:35.387615,192.168.174.131,223,False,,
2025-10-04T17:04:35.387615,192.168.174.131,224,False,,
2025-10-04T17:04:35.387615,192.168.174.131,225,False,,
2025-10-04T17:04:35.387615,192.168.174.131,226,False,,
2025-10-04T17:04:35.387615,192.168.174.131,227,False,,
2025-10-04T17:04:35.387615,192.168.174.131,228,False,,
2025-10-04T17:04:35.387615,192.168.174.131,229,False,,
2025-10-04T17:04:35.387615,192.168.174.131,230,False,,
2025-10-04T17:04:35.387615,192.168.174.131,231,False,,
2025-10-04T17:04:35.387615,192.168.174.131,232,False,,
2025-10-04T17:04:35.387615,192.168.174.131,233,False,,
2025-10-04T17:04:35.387615,192.168.174.131,234,False,,
2025-10-04T17:04:35.387615,192.168.174.131,235,False,,
2025-10-04T17:04:35.387615,192.168.174.131,236,False,,
2025-10-04T17:04:35.387615,192.168.174.131,237,False,,
2025-10-04T17:04:35.387615,192.168.174.131,238,False,,
2025-10-04T17:04:35.387615,192.168.174.131,239,False,,
2025-10-04T17:04:35.387615,192.168.174.131,240,False,,
2025-10-04T17:04:35.387615,192.168.174.131,241,False,,
2025-10-04T17:04:35.387615,192.168.174.131,242,False,,
2025-10-04T17:04:35.387615,192.168.174.131,243,False,,
2025-10-04T17:04:35.387615,192.168.174.131,244,False,,
2025-10-04T17:04:35.387615,192.168.174.131,245,False,,
2025-10-04T17:04:35.387615,192.168.174.131,246,False,,
2025-10-04T17:04:35.387615,192.168.174.131,247,False,,
2025-10-04T17:04:35.387615,192.168.174.131,248,False,,
2025-10-04T17:04:35.387615,192.168.174.131,249,False,,
2025-10-04T17:04:35.387615,192.168.174.131,250,False,,
2025-10-04T17:04:35.387615,192.168.174.131,251,False,,
2025-10-04T17:04:35.387615,192.168.174.131,252,False,,
2025-10-04T17:04:35.387615,192.168.174.131,253,False,,
2025-10-04T17:04:35.387615,192.168.174.131,254,False,,
2025-10-04T17:04:35.387615,192.168.174.131,255,False,,
2025-10-04T17:04:35.387615,192.168.174.131,256,False,,
2025-10-04T17:04:35.387615,192.168.174.131,257,False,,
2025-10-04T17:04:35.387615,192.168.174.131,258,False,,
2025-10-04T17:04:35.387615,192.168.174.131,259,False,,
2025-10-04T17:04:35.387615,192.168.174.131,260,False,,
2025-10-04T17:04:35.387615,192.168.174.131,261,False,,
2025-10-04T17:04:35.387615,192.168.174.131,262,False,,
2025-10-04T17:04:35.387615,192.168.174.131,263,False,,
2025-10-04T17:04:35.387615,192.168.174.131,264,False,,
2025-10-04T17:04:35.387615,192.168.174.131,265,False,,
2025-10-04T17:04:35.387615,192.168.174.131,266,False,,
2025-10-04T17:04:35.387615,192.168.174.131,267,False,,
2025-10-04T17:04:35.387615,192.168.174.131,268,False,,
2025-10-04T17:04:35.387615,192.168.174.131,269,False,,
2025-10-04T17:04:35.387615,192.168.174.131,270,False,,
2025-10-04T17:04:35.387615,192.168.174.131,271,False,,
2025-10-04T17:04:35.387615,192.168.174.131,272,False,,
2025-10-04T17:04:35.387615,192.168.174.131,273,False,,
2025-10-04T17:04:35.387615,192.168.174.131,274,False,,
2025-10-04T17:04:35.387615,192.168.174.131,275,False,,
2025-10-04T17:04:35.387615,192.168.174.131,276,False,,
2025-10-04T17:04:35.387615,192.168.174.131,277,False,,
2025-10-04T17:04:35.387615,192.168.174.131,278,False,,
2025-10-04T17:04:35.387615,192.168.174.131,279,False,,
2025-10-04T17:04:35.387615,192.168.174.131,280,False,,
2025-10-04T17:04:35.387615,192.168.174.131,281,False,,
2025-10-04T17:04:35.387615,192.168.174.131,282,False,,
2025-10-04T17:04:35.387615,192.168.174.131,283,False,,
2025-10-04T17:04:35.387615,192.168.174.131,284,False,,
2025-10-04T17:04:35.387615,192.168.174.131,285,False,,
2025-10-04T17:04:35.387615,192.168.174.131,286,False,,
2025-10-04T17:04:35.387615,192.168.174.131,287,False,,
2025-10-04T17:04:35.387615,192.168.174.131,288,False,,
2025-10-04T17:04:35.387615,192.168.174.131,289,False,,
2025-10-04T17:04:35.387615,192.168.174.131,290,False,,
2025-10-04T17:04:35.387615,192.168.174.131,291,False,,
2025-10-04T17:04:35.387615,192.168.174.131,292,False,,
2025-10-04T17:04:35.387615,192.168.174.131,293,False,,
2025-10-04T17:04:35.387615,192.168.174.131,294,False,,
2025-10-04T17:04:35.387615,192.168.174.131,295,False,,
2025-10-04T17:04:35.387615,192.168.174.131,296,False,,
2025-10-04T17:04:35.387615,192.168.174.131,297,False,,
2025-10-04T17:04:35.387615,192.168.174.131,298,False,,
2025-10-04T17:04:35.387615,192.168.174.131,299,False,,
2025-10-04T17:04:35.387615,192.168.174.131,300,False,,
2025-10-04T17:04:35.387615,192.168.174.131,301,False,,
2025-10-04T17:04:35.387615,192.168.174.131,302,False,,
2025-10-04T17:04:35.387615,192.168.174.131,303,False,,
2025-10-04T17:04:35.387615,192.168.174.131,304,False,,
2025-10-04T17:04:35.387615,192.168.174.131,305,False,,
2025-10-04T17:04:35.387615,192.168.174.131,306,False,,
2025-10-04T17:04:35.387615,192.168.174.131,307,False,,
2025-10-04T17:04:35.387615,192.168.174.131,308,False,,
2025-10-04T17:04:35.387615,192.168.174.131,309,False,,
2025-10-04T17:04:35.387615,192.168.174.131,310,False,,
2025-10-04T17:04:35.387615,192.168.174.131,311,False,,
2025-10-04T17:04:35.387615,192.168.174.131,312,False,,
2025-10-04T17:04:35.387615,192.168.174.131,313,False,,
2025-10-04T17:04:35.387615,192.168.174.131,314,False,,
2025-10-04T17:04:35.387615,192.168.174.131,315,False,,
2025-10-04T17:04:35.387615,192.168.174.131,316,False,,
2025-10-04T17:04:35.387615,192.168.174.131,317,False,,
2025-10-04T17:04:35.387615,192.168.174.131,318,False,,
2025-10-04T17:04:35.387615,192.168.174.131,319,False,,
2025-10-04T17:04:35.387615,192.168.174.131,320,False,,
2025-10-04T17:04:35.387615,192.168.174.131,321,False,,
2025-10-04T17:04:35.387615,192.168.174.131,322,False,,
2025-10-04T17:04:35.387615,192.168.174.131,323,False,,
2025-10-04T17:04:35.387615,192.168.174.131,324,False,,
2025-10-04T17:04:35.387615,192.168.174.131,325,False,,
2025-10-04T17:04:35.387615,192.168.174.131,326,False,,
2025-10-04T17:04:35.387615,192.168.174.131,327,False,,
2025-10-04T17:04:35.387615,192.168.174.131,328,False,,
2025-10-04T17:04:35.387615,192.168.174.131,329,False,,
2025-10-04T17:04:35.387615,192.168.174.131,330,False,,
2025-10-04T17:04:35.387615,192.168.174.131,331,False,,
2025-10-04T17:04:35.387615,192.168.174.131,332,False,,
2025-10-04T17:04:35.387615,192.168.174.131,333,False,,
2025-10-04T17:04:35.387615,192.168.174.131,334,False,,
2025-10-04T17:04:35.387615,192.168.174.131,335,False,,
2025-10-04T17:04:35.387615,192.168.174.131,336,False,,
2025-10-04T17:04:35.387615,192.168.174.131,337,False,,
2025-10-04T17:04:35.387615,192.168.174.131,338,False,,
2025-10-04T17:04:35.387615,192.168.174.131,339,False,,
2025-10-04T17:04:35.387615,192.168.174.131,340,False,,
2025-10-04T17:04:35.387615,192.168.174.131,341,False,,
2025-10-04T17:04:35.387615,192.168.174.131,342,False,,
2025-10-04T17:04:35.387615,192.168.174.131,343,False,,
2025-10-04T17:04:35.387615,192.168.174.131,344,False,,
2025-10-04T17:04:35.387615,192.168.174.131,345,False,,
2025-10-04T17:04:35.387615,192.168.174.131,346,False,,
2025-10-04T17:04:35.387615,192.168.174.131,347,False,,
2025-10-04T17:04:35.387615,192.168.174.131,348,False,,
2025-10-04T17:04:35.387615,192.168.174.131,349,False,,
2025-10-04T17:04:35.387615,192.168.174.131,350,False,,
2025-10-04T17:04:35.387615,192.168.174.131,351,False,,
2025-10-04T17:04:35.387615,192.168.174.131,352,False,,
2025-10-04T17:04:35.387615,192.168.174.131,353,False,,
2025-10-04T17:04:35.387615,192.168.174.131,354,False,,
2025-10-04T17:04:35.387615,192.168.174.131,355,False,,
2025-10-04T17:04:35.387615,192.168.174.131,356,False,,
2025-10-04T17:04:35.387615,192.168.174.131,357,False,,
2025-10-04T17:04:35.387615,192.168.174.131,358,False,,
2025-10-04T17:04:35.387615,192.168.174.131,359,False,,
2025-10-04T17:04:35.387615,192.168.174.131,360,False,,
2025-10-04T17:04:35.387615,192.168.174.131,361,False,,
2025-10-04T17:04:35.387615,192.168.174.131,362,False,,
2025-10-04T17:04:35.387615,192.168.174.131,363,False,,
2025-10-04T17:04:35.387615,192.168.174.131,364,False,,
2025-10-04T17:04:35.387615,192.168.174.131,365,False,,
2025-10-04T17:04:35.387615,192.168.174.131,366,False,,
2025-10-04T17:04:35.387615,192.168.174.131,367,False,,
2025-10-04T17:04:35.387615,192.168.174.131,368,False,,
2025-10-04T17:04:35.387615,192.168.174.131,369,False,,
2025-10-04T17:04:35.387615,192.168.174.131,370,False,,
2025-10-04T17:04:35.387615,192.168.174.131,371,False,,
2025-10-04T17:04:35.387615,192.168.174.131,372,False,,
2025-10-04T17:04:35.387615,192.168.174.131,373,False,,
2025-10-04T17:04:35.387615,192.168.174.131,374,False,,
2025-10-04T17:04:35.387615,192.168.174.131,375,False,,
2025-10-04T17:04:35.387615,192.168.174.131,376,False,,
2025-10-04T17:04:35.387615,192.168.174.131,377,False,,
2025-10-04T17:04:35.387615,192.168.174.131,378,False,,
2025-10-04T17:04:35.387615,192.168.174.131,379,False,,
2025-10-04T17:04:35.387615,192.168.174.131,380,False,,
2025-10-04T17:04:35.387615,192.168.174.131,381,False,,
2025-10-04T17:04:35.387615,192.168.174.131,382,False,,
2025-10-04T17:04:35.387615,192.168.174.131,383,False,,
2025-10-04T17:04:35.387615,192.168.174.131,384,False,,
2025-10-04T17:04:35.387615,192.168.174.131,385,False,,
2025-10-04T17:04:35.387615,192.168.174.131,386,False,,
2025-10-04T17:04:35.387615,192.168.174.131,387,False,,
2025-10-04T17:04:35.387615,192.168.174.131,388,False,,
2025-10-04T17:04:35.387615,192.168.174.131,389,False,,
2025-10-04T17:04:35.387615,192.168.174.131,390,False,,
2025-10-04T17:04:35.387615,192.168.174.131,391,False,,
2025-10-04T17:04:35.387615,192.168.174.131,392,False,,
2025-10-04T17:04:35.387615,192.168.174.131,393,False,,
2025-10-04T17:04:35.387615,192.168.174.131,394,False,,
2025-10-04T17:04:35.387615,192.168.174.131,395,False,,
2025-10-04T17:04:35.387615,192.168.174.131,396,False,,
2025-10-04T17:04:35.387615,192.168.174.131,397,False,,
2025-10-04T17:04:35.387615,192.168.174.131,398,False,,
2025-10-04T17:04:35.387615,192.168.174.131,399,False,,
2025-10-04T17:04:35.387615,192.168.174.131,400,False,,
2025-10-04T17:04:35.387615,192.168.174.131,401,False,,
2025-10-04T17:04:35.387615,192.168.174.131,402,False,,
2025-10-04T17:04:35.387615,192.168.174.131,403,False,,
2025-10-04T17:04:35.387615,192.168.174.131,404,False,,
2025-10-04T17:04:35.387615,192.168.174.131,405,False,,
2025-10-04T17:04:35.387615,192.168.174.131,406,False,,
2025-10-04T17:04:35.387615,192.168.174.131,407,False,,
2025-10-04T17:04:35.387615,192.168.174.131,408,False,,
2025-10-04T17:04:35.387615,192.168.174.131,409,False,,
2025-10-04T17:04:35.387615,192.168.174.131,410,False,,
2025-10-04T17:04:35.387615,192.168.174.131,411,False,,
2025-10-04T17:04:35.387615,192.168.174.131,412,False,,
2025-10-04T17:04:35.387615,192.168.174.131,413,False,,
2025-10-04T17:04:35.387615,192.168.174.131,414,False,,
2025-10-04T17:04:35.387615,192.168.174.131,415,False,,
2025-10-04T17:04:35.387615,192.168.174.131,416,False,,
2025-10-04T17:04:35.387615,192.168.174.131,417,False,,
2025-10-04T17:04:35.387615,192.168.174.131,418,False,,
2025-10-04T17:04:35.387615,192.168.174.131,419,False,,
2025-10-04T17:04:35.387615,192.168.174.131,420,False,,
2025-10-04T17:04:35.387615,192.168.174.131,421,False,,
2025-10-04T17:04:35.387615,192.168.174.131,422,False,,
2025-10-04T17:04:35.387615,192.168.174.131,423,False,,
2025-10-04T17:04:35.387615,192.168.174.131,424,False,,
2025-10-04T17:04:35.387615,192.168.174.131,425,False,,
2025-10-04T17:04:35.387615,192.168.174.131,426,False,,
2025-10-04T17:04:35.387615,192.168.174.131,427,False,,
2025-10-04T17:04:35.387615,192.168.174.131,428,False,,
2025-10-04T17:04:35.387615,192.168.174.131,429,False,,
2025-10-04T17:04:35.387615,192.168.174.131,430,False,,
2025-10-04T17:04:35.387615,192.168.174.131,431,False,,
2025-10-04T17:04:35.387615,192.168.174.131,432,False,,
2025-10-04T17:04:35.387615,192.168.174.131,433,False,,
2025-10-04T17:04:35.387615,192.168.174.131,434,False,,
2025-10-04T17:04:35.387615,192.168.174.131,435,False,,
2025-10-04T17:04:35.387615,192.168.174.131,436,False,,
2025-10-04T17:04:35.387615,192.168.174.131,437,False,,
2025-10-04T17:04:35.387615,192.168.174.131,438,False,,
2025-10-04T17:04:35.387615,192.168.174.131,439,False,,
2025-10-04T17:04:35.387615,192.168.174.131,440,False,,
2025-10-04T17:04:35.387615,192.168.174.131,441,False,,
2025-10-04T17:04:35.387615,192.168.174.131,442,False,,
2025-10-04T17:04:35.387615,192.168.174.131,443,False,,
2025-10-04T17:04:35.387615,192.168.174.131,444,False,,
2025-10-04T17:04:35.387615,192.168.174.131,445,True,,
2025-10-04T17:04:35.387615,192.168.174.131,446,False,,
2025-10-04T17:04:35.387615,192.168.174.131,447,False,,
2025-10-04T17:04:35.387615,192.168.174.131,448,False,,
2025-10-04T17:04:35.387615,192.168.174.131,449,False,,
2025-10-04T17:04:35.387615,192.168.174.131,450,False,,
2025-10-04T17:04:35.387615,192.168.174.131,451,False,,
2025-10-04T17:04:35.387615,192.168.174.131,452,False,,
2025-10-04T17:04:35.387615,192.168.174.131,453,False,,
2025-10-04T17:04:35.387615,192.168.174.131,454,False,,
2025-10-04T17:04:35.387615,192.168.174.131,455,False,,
2025-10-04T17:04:35.387615,192.168.174.131,456,False,,
2025-10-04T17:04:35.387615,192.168.174.131,457,False,,
2025-10-04T17:04:35.387615,192.168.174.131,458,False,,
2025-10-04T17:04:35.387615,192.168.174.131,459,False,,
2025-10-04T17:04:35.387615,192.168.174.131,460,False,,
2025-10-04T17:04:35.387615,192.168.174.131,461,False,,
2025-10-04T17:04:35.387615,192.168.174.131,462,False,,
2025-10-04T17:04:35.387615,192.168.174.131,463,False,,
2025-10-04T17:04:35.387615,192.168.174.131,464,False,,
2025-10-04T17:04:35.387615,192.168.174.131,465,False,,
2025-10-04T17:04:35.387615,192.168.174.131,466,False,,
2025-10-04T17:04:35.387615,192.168.174.131,467,False,,
2025-10-04T17:04:35.387615,192.168.174.131,468,False,,
2025-10-04T17:04:35.387615,192.168.174.131,469,False,,
2025-10-04T17:04:35.387615,192.168.174.131,470,False,,
2025-10-04T17:04:35.387615,192.168.174.131,471,False,,
2025-10-04T17:04:35.387615,192.168.174.131,472,False,,
2025-10-04T17:04:35.387615,192.168.174.131,473,False,,
2025-10-04T17:04:35.387615,192.168.174.131,474,False,,
2025-10-04T17:04:35.387615,192.168.174.131,475,False,,
2025-10-04T17:04:35.387615,192.168.174.131,476,False,,
2025-10-04T17:04:35.387615,192.168.174.131,477,False,,
2025-10-04T17:04:35.387615,192.168.174.131,478,False,,
2025-10-04T17:04:35.387615,192.168.174.131,479,False,,
2025-10-04T17:04:35.387615,192.168.174.131,480,False,,
2025-10-04T17:04:35.387615,192.168.174.131,481,False,,
2025-10-04T17:04:35.387615,192.168.174.131,482,False,,
2025-10-04T17:04:35.387615,192.168.174.131,483,False,,
2025-10-04T17:04:35.387615,192.168.174.131,484,False,,
2025-10-04T17:04:35.387615,192.168.174.131,485,False,,
2025-10-04T17:04:35.387615,192.168.174.131,486,False,,
2025-10-04T17:04:35.387615,192.168.174.131,487,False,,
2025-10-04T17:04:35.387615,192.168.174.131,488,False,,
2025-10-04T17:04:35.387615,192.168.174.131,489,False,,
2025-10-04T17:04:35.387615,192.168.174.131,490,False,,
2025-10-04T17:04:35.387615,192.168.174.131,491,False,,
2025-10-04T17:04:35.387615,192.168.174.131,492,False,,
2025-10-04T17:04:35.387615,192.168.174.131,493,False,,
2025-10-04T17:04:35.387615,192.168.174.131,494,False,,
2025-10-04T17:04:35.387615,192.168.174.131,495,False,,
2025-10-04T17:04:35.387615,192.168.174.131,496,False,,
2025-10-04T17:04:35.387615,192.168.174.131,497,False,,
2025-10-04T17:04:35.387615,192.168.174.131,498,False,,
2025-10-04T17:04:35.387615,192.168.174.131,499,False,,
2025-10-04T17:04:35.387615,192.168.174.131,500,False,,
2025-10-04T17:04:35.387615,192.168.174.131,501,False,,
2025-10-04T17:04:35.387615,192.168.174.131,502,False,,
2025-10-04T17:04:35.387615,192.168.174.131,503,False,,
2025-10-04T17:04:35.387615,192.168.174.131,504,False,,
2025-10-04T17:04:35.387615,192.168.174.131,505,False,,
2025-10-04T17:04:35.387615,192.168.174.131,506,False,,
2025-10-04T17:04:35.387615,192.168.174.131,507,False,,
2025-10-04T17:04:35.387615,192.168.174.131,508,False,,
2025-10-04T17:04:35.387615,192.168.174.131,509,False,,
2025-10-04T17:04:35.387615,192.168.174.131,510,False,,
2025-10-04T17:04:35.387615,192.168.174.131,511,False,,
2025-10-04T17:04:35.387615,192.168.174.131,512,True,,Where are you?
2025-10-04T17:04:35.387615,192.168.174.131,513,True,,
2025-10-04T17:04:35.387615,192.168.174.131,514,True,,
2025-10-04T17:04:35.387615,192.168.174.131,515,False,,
2025-10-04T17:04:35.387615,192.168.174.131,516,False,,
2025-10-04T17:04:35.387615,192.168.174.131,517,False,,
2025-10-04T17:04:35.387615,192.168.174.131,518,False,,
2025-10-04T17:04:35.387615,192.168.174.131,519,False,,
2025-10-04T17:04:35.387615,192.168.174.131,520,False,,
2025-10-04T17:04:35.387615,192.168.174.131,521,False,,
2025-10-04T17:04:35.387615,192.168.174.131,522,False,,
2025-10-04T17:04:35.387615,192.168.174.131,523,False,,
2025-10-04T17:04:35.387615,192.168.174.131,524,False,,
2025-10-04T17:04:35.387615,192.168.174.131,525,False,,
2025-10-04T17:04:35.387615,192.168.174.131,526,False,,
2025-10-04T17:04:35.387615,192.168.174.131,527,False,,
2025-10-04T17:04:35.387615,192.168.174.131,528,False,,
2025-10-04T17:04:35.387615,192.168.174.131,529,False,,
2025-10-04T17:04:35.387615,192.168.174.131,530,False,,
2025-10-04T17:04:35.387615,192.168.174.131,531,False,,
2025-10-04T17:04:35.387615,192.168.174.131,532,False,,
2025-10-04T17:04:35.387615,192.168.174.131,533,False,,
2025-10-04T17:04:35.387615,192.168.174.131,534,False,,
2025-10-04T17:04:35.387615,192.168.174.131,535,False,,
2025-10-04T17:04:35.387615,192.168.174.131,536,False,,
2025-10-04T17:04:35.387615,192.168.174.131,537,False,,
2025-10-04T17:04:35.387615,192.168.174.131,538,False,,
2025-10-04T17:04:35.387615,192.168.174.131,539,False,,
2025-10-04T17:04:35.387615,192.168.174.131,540,False,,
2025-10-04T17:04:35.387615,192.168.174.131,541,False,,
2025-10-04T17:04:35.387615,192.168.174.131,542,False,,
2025-10-04T17:04:35.387615,192.168.174.131,543,False,,
2025-10-04T17:04:35.387615,192.168.174.131,544,False,,
2025-10-04T17:04:35.387615,192.168.174.131,545,False,,
2025-10-04T17:04:35.387615,192.168.174.131,546,False,,
2025-10-04T17:04:35.387615,192.168.174.131,547,False,,
2025-10-04T17:04:35.387615,192.168.174.131,548,False,,
2025-10-04T17:04:35.387615,192.168.174.131,549,False,,
2025-10-04T17:04:35.387615,192.168.174.131,550,False,,
2025-10-04T17:04:35.387615,192.168.174.131,551,False,,
2025-10-04T17:04:35.387615,192.168.174.131,552,False,,
2025-10-04T17:04:35.387615,192.168.174.131,553,False,,
2025-10-04T17:04:35.387615,192.168.174.131,554,False,,
2025-10-04T17:04:35.387615,192.168.174.131,555,False,,
2025-10-04T17:04:35.387615,192.168.174.131,556,False,,
2025-10-04T17:04:35.387615,192.168.174.131,557,False,,
2025-10-04T17:04:35.387615,192.168.174.131,558,False,,
2025-10-04T17:04:35.387615,192.168.174.131,559,False,,
2025-10-04T17:04:35.387615,192.168.174.131,560,False,,
2025-10-04T17:04:35.387615,192.168.174.131,561,False,,
2025-10-04T17:04:35.387615,192.168.174.131,562,False,,
2025-10-04T17:04:35.387615,192.168.174.131,563,False,,
2025-10-04T17:04:35.387615,192.168.174.131,564,False,,
2025-10-04T17:04:35.387615,192.168.174.131,565,False,,
2025-10-04T17:04:35.387615,192.168.174.131,566,False,,
2025-10-04T17:04:35.387615,192.168.174.131,567,False,,
2025-10-04T17:04:35.387615,192.168.174.131,568,False,,
2025-10-04T17:04:35.387615,192.168.174.131,569,False,,
2025-10-04T17:04:35.387615,192.168.174.131,570,False,,
2025-10-04T17:04:35.387615,192.168.174.131,571,False,,
2025-10-04T17:04:35.387615,192.168.174.131,572,False,,
2025-10-04T17:04:35.387615,192.168.174.131,573,False,,
2025-10-04T17:04:35.387615,192.168.174.131,574,False,,
2025-10-04T17:04:35.387615,192.168.174.131,575,False,,
2025-10-04T17:04:35.387615,192.168.174.131,576,False,,
2025-10-04T17:04:35.387615,192.168.174.131,577,False,,
2025-10-04T17:04:35.387615,192.168.174.131,578,False,,
2025-10-04T17:04:35.387615,192.168.174.131,579,False,,
2025-10-04T17:04:35.387615,192.168.174.131,580,False,,
2025-10-04T17:04:35.387615,192.168.174.131,581,False,,
2025-10-04T17:04:35.387615,192.168.174.131,582,False,,
2025-10-04T17:04:35.387615,192.168.174.131,583,False,,
2025-10-04T17:04:35.387615,192.168.174.131,584,False,,
2025-10-04T17:04:35.387615,192.168.174.131,585,False,,
2025-10-04T17:04:35.387615,192.168.174.131,586,False,,
2025-10-04T17:04:35.387615,192.168.174.131,587,False,,
2025-10-04T17:04:35.387615,192.168.174.131,588,False,,
2025-10-04T17:04:35.387615,192.168.174.131,589,False,,
2025-10-04T17:04:35.387615,192.168.174.131,590,False,,
2025-10-04T17:04:35.387615,192.168.174.131,591,False,,
2025-10-04T17:04:35.387615,192.168.174.131,592,False,,
2025-10-04T17:04:35.387615,192.168.174.131,593,False,,
2025-10-04T17:04:35.387615,192.168.174.131,594,False,,
2025-10-04T17:04:35.387615,192.168.174.131,595,False,,
2025-10-04T17:04:35.387615,192.168.174.131,596,False,,
2025-10-04T17:04:35.387615,192.168.174.131,597,False,,
2025-10-04T17:04:35.387615,192.168.174.131,598,False,,
2025-10-04T17:04:35.387615,192.168.174.131,599,False,,
2025-10-04T17:04:35.387615,192.168.174.131,600,False,,
2025-10-04T17:04:35.387615,192.168.174.131,601,False,,
2025-10-04T17:04:35.387615,192.168.174.131,602,False,,
2025-10-04T17:04:35.387615,192.168.174.131,603,False,,
2025-10-04T17:04:35.387615,192.168.174.131,604,False,,
2025-10-04T17:04:35.387615,192.168.174.131,605,False,,
2025-10-04T17:04:35.387615,192.168.174.131,606,False,,
2025-10-04T17:04:35.387615,192.168.174.131,607,False,,
2025-10-04T17:04:35.387615,192.168.174.131,608,False,,
2025-10-04T17:04:35.387615,192.168.174.131,609,False,,
2025-10-04T17:04:35.387615,192.168.174.131,610,False,,
2025-10-04T17:04:35.387615,192.168.174.131,611,False,,
2025-10-04T17:04:35.387615,192.168.174.131,612,False,,
2025-10-04T17:04:35.387615,192.168.174.131,613,False,,
2025-10-04T17:04:35.387615,192.168.174.131,614,False,,
2025-10-04T17:04:35.387615,192.168.174.131,615,False,,
2025-10-04T17:04:35.387615,192.168.174.131,616,False,,
2025-10-04T17:04:35.387615,192.168.174.131,617,False,,
2025-10-04T17:04:35.387615,192.168.174.131,618,False,,
2025-10-04T17:04:35.387615,192.168.174.131,619,False,,
2025-10-04T17:04:35.387615,192.168.174.131,620,False,,
2025-10-04T17:04:35.387615,192.168.174.131,621,False,,
2025-10-04T17:04:35.387615,192.168.174.131,622,False,,
2025-10-04T17:04:35.387615,192.168.174.131,623,False,,
2025-10-04T17:04:35.387615,192.168.174.131,624,False,,
2025-10-04T17:04:35.387615,192.168.174.131,625,False,,
2025-10-04T17:04:35.387615,192.168.174.131,626,False,,
2025-10-04T17:04:35.387615,192.168.174.131,627,False,,
2025-10-04T17:04:35.387615,192.168.174.131,628,False,,
2025-10-04T17:04:35.387615,192.168.174.131,629,False,,
2025-10-04T17:04:35.387615,192.168.174.131,630,False,,
2025-10-04T17:04:35.387615,192.168.174.131,631,False,,
2025-10-04T17:04:35.387615,192.168.174.131,632,False,,
2025-10-04T17:04:35.387615,192.168.174.131,633,False,,
2025-10-04T17:04:35.387615,192.168.174.131,634,False,,
2025-10-04T17:04:35.387615,192.168.174.131,635,False,,
2025-10-04T17:04:35.387615,192.168.174.131,636,False,,
2025-10-04T17:04:35.387615,192.168.174.131,637,False,,
2025-10-04T17:04:35.387615,192.168.174.131,638,False,,
2025-10-04T17:04:35.387615,192.168.174.131,639,False,,
2025-10-04T17:04:35.387615,192.168.174.131,640,False,,
2025-10-04T17:04:35.387615,192.168.174.131,641,False,,
2025-10-04T17:04:35.387615,192.168.174.131,642,False,,
2025-10-04T17:04:35.387615,192.168.174.131,643,False,,
2025-10-04T17:04:35.387615,192.168.174.131,644,False,,
2025-10-04T17:04:35.387615,192.168.174.131,645,False,,
2025-10-04T17:04:35.387615,192.168.174.131,646,False,,
2025-10-04T17:04:35.387615,192.168.174.131,647,False,,
2025-10-04T17:04:35.387615,192.168.174.131,648,False,,
2025-10-04T17:04:35.387615,192.168.174.131,649,False,,
2025-10-04T17:04:35.387615,192.168.174.131,650,False,,
2025-10-04T17:04:35.387615,192.168.174.131,651,False,,
2025-10-04T17:04:35.387615,192.168.174.131,652,False,,
2025-10-04T17:04:35.387615,192.168.174.131,653,False,,
2025-10-04T17:04:35.387615,192.168.174.131,654,False,,
2025-10-04T17:04:35.387615,192.168.174.131,655,False,,
2025-10-04T17:04:35.387615,192.168.174.131,656,False,,
2025-10-04T17:04:35.387615,192.168.174.131,657,False,,
2025-10-04T17:04:35.387615,192.168.174.131,658,False,,
2025-10-04T17:04:35.387615,192.168.174.131,659,False,,
2025-10-04T17:04:35.387615,192.168.174.131,660,False,,
2025-10-04T17:04:35.387615,192.168.174.131,661,False,,
2025-10-04T17:04:35.387615,192.168.174.131,662,False,,
2025-10-04T17:04:35.387615,192.168.174.131,663,False,,
2025-10-04T17:04:35.387615,192.168.174.131,664,False,,
2025-10-04T17:04:35.387615,192.168.174.131,665,False,,
2025-10-04T17:04:35.387615,192.168.174.131,666,False,,
2025-10-04T17:04:35.387615,192.168.174.131,667,False,,
2025-10-04T17:04:35.387615,192.168.174.131,668,False,,
2025-10-04T17:04:35.387615,192.168.174.131,669,False,,
2025-10-04T17:04:35.387615,192.168.174.131,670,False,,
2025-10-04T17:04:35.387615,192.168.174.131,671,False,,
2025-10-04T17:04:35.387615,192.168.174.131,672,False,,
2025-10-04T17:04:35.387615,192.168.174.131,673,False,,
2025-10-04T17:04:35.387615,192.168.174.131,674,False,,
2025-10-04T17:04:35.387615,192.168.174.131,675,False,,
2025-10-04T17:04:35.387615,192.168.174.131,676,False,,
2025-10-04T17:04:35.387615,192.168.174.131,677,False,,
2025-10-04T17:04:35.387615,192.168.174.131,678,False,,
2025-10-04T17:04:35.387615,192.168.174.131,679,False,,
2025-10-04T17:04:35.387615,192.168.174.131,680,False,,
2025-10-04T17:04:35.387615,192.168.174.131,681,False,,
2025-10-04T17:04:35.387615,192.168.174.131,682,False,,
2025-10-04T17:04:35.387615,192.168.174.131,683,False,,
2025-10-04T17:04:35.387615,192.168.174.131,684,False,,
2025-10-04T17:04:35.387615,192.168.174.131,685,False,,
2025-10-04T17:04:35.387615,192.168.174.131,686,False,,
2025-10-04T17:04:35.387615,192.168.174.131,687,False,,
2025-10-04T17:04:35.387615,192.168.174.131,688,False,,
2025-10-04T17:04:35.387615,192.168.174.131,689,False,,
2025-10-04T17:04:35.387615,192.168.174.131,690,False,,
2025-10-04T17:04:35.387615,192.168.174.131,691,False,,
2025-10-04T17:04:35.387615,192.168.174.131,692,False,,
2025-10-04T17:04:35.387615,192.168.174.131,693,False,,
2025-10-04T17:04:35.387615,192.168.174.131,694,False,,
2025-10-04T17:04:35.387615,192.168.174.131,695,False,,
2025-10-04T17:04:35.387615,192.168.174.131,696,False,,
2025-10-04T17:04:35.387615,192.168.174.131,697,False,,
2025-10-04T17:04:35.387615,192.168.174.131,698,False,,
2025-10-04T17:04:35.387615,192.168.174.131,699,False,,
2025-10-04T17:04:35.387615,192.168.174.131,700,False,,
2025-10-04T17:04:35.387615,192.168.174.131,701,False,,
2025-10-04T17:04:35.387615,192.168.174.131,702,False,,
2025-10-04T17:04:35.387615,192.168.174.131,703,False,,
2025-10-04T17:04:35.387615,192.168.174.131,704,False,,
2025-10-04T17:04:35.387615,192.168.174.131,705,False,,
2025-10-04T17:04:35.387615,192.168.174.131,706,False,,
2025-10-04T17:04:35.387615,192.168.174.131,707,False,,
2025-10-04T17:04:35.387615,192.168.174.131,708,False,,
2025-10-04T17:04:35.387615,192.168.174.131,709,False,,
2025-10-04T17:04:35.387615,192.168.174.131,710,False,,
2025-10-04T17:04:35.387615,192.168.174.131,711,False,,
2025-10-04T17:04:35.387615,192.168.174.131,712,False,,
2025-10-04T17:04:35.387615,192.168.174.131,713,False,,
2025-10-04T17:04:35.387615,192.168.174.131,714,False,,
2025-10-04T17:04:35.387615,192.168.174.131,715,False,,
2025-10-04T17:04:35.387615,192.168.174.131,716,False,,
2025-10-04T17:04:35.387615,192.168.174.131,717,False,,
2025-10-04T17:04:35.387615,192.168.174.131,718,False,,
2025-10-04T17:04:35.387615,192.168.174.131,719,False,,
2025-10-04T17:04:35.387615,192.168.174.131,720,False,,
2025-10-04T17:04:35.387615,192.168.174.131,721,False,,
2025-10-04T17:04:35.387615,192.168.174.131,722,False,,
2025-10-04T17:04:35.387615,192.168.174.131,723,False,,
2025-10-04T17:04:35.387615,192.168.174.131,724,False,,
2025-10-04T17:04:35.387615,192.168.174.131,725,False,,
2025-10-04T17:04:35.387615,192.168.174.131,726,False,,
2025-10-04T17:04:35.387615,192.168.174.131,727,False,,
2025-10-04T17:04:35.387615,192.168.174.131,728,False,,
2025-10-04T17:04:35.387615,192.168.174.131,729,False,,
2025-10-04T17:04:35.387615,192.168.174.131,730,False,,
2025-10-04T17:04:35.387615,192.168.174.131,731,False,,
2025-10-04T17:04:35.387615,192.168.174.131,732,False,,
2025-10-04T17:04:35.387615,192.168.174.131,733,False,,
2025-10-04T17:04:35.387615,192.168.174.131,734,False,,
2025-10-04T17:04:35.387615,192.168.174.131,735,False,,
2025-10-04T17:04:35.387615,192.168.174.131,736,False,,
2025-10-04T17:04:35.387615,192.168.174.131,737,False,,
2025-10-04T17:04:35.387615,192.168.174.131,738,False,,
2025-10-04T17:04:35.387615,192.168.174.131,739,False,,
2025-10-04T17:04:35.387615,192.168.174.131,740,False,,
2025-10-04T17:04:35.387615,192.168.174.131,741,False,,
2025-10-04T17:04:35.387615,192.168.174.131,742,False,,
2025-10-04T17:04:35.387615,192.168.174.131,743,False,,
2025-10-04T17:04:35.387615,192.168.174.131,744,False,,
2025-10-04T17:04:35.387615,192.168.174.131,745,False,,
2025-10-04T17:04:35.387615,192.168.174.131,746,False,,
2025-10-04T17:04:35.387615,192.168.174.131,747,False,,
2025-10-04T17:04:35.387615,192.168.174.131,748,False,,
2025-10-04T17:04:35.387615,192.168.174.131,749,False,,
2025-10-04T17:04:35.387615,192.168.174.131,750,False,,
2025-10-04T17:04:35.387615,192.168.174.131,751,False,,
2025-10-04T17:04:35.387615,192.168.174.131,752,False,,
2025-10-04T17:04:35.387615,192.168.174.131,753,False,,
2025-10-04T17:04:35.387615,192.168.174.131,754,False,,
2025-10-04T17:04:35.387615,192.168.174.131,755,False,,
2025-10-04T17:04:35.387615,192.168.174.131,756,False,,
2025-10-04T17:04:35.387615,192.168.174.131,757,False,,
2025-10-04T17:04:35.387615,192.168.174.131,758,False,,
2025-10-04T17:04:35.387615,192.168.174.131,759,False,,
2025-10-04T17:04:35.387615,192.168.174.131,760,False,,
2025-10-04T17:04:35.387615,192.168.174.131,761,False,,
2025-10-04T17:04:35.387615,192.168.174.131,762,False,,
2025-10-04T17:04:35.387615,192.168.174.131,763,False,,
2025-10-04T17:04:35.387615,192.168.174.131,764,False,,
2025-10-04T17:04:35.387615,192.168.174.131,765,False,,
2025-10-04T17:04:35.387615,192.168.174.131,766,False,,
2025-10-04T17:04:35.387615,192.168.174.131,767,False,,
2025-10-04T17:04:35.387615,192.168.174.131,768,False,,
2025-10-04T17:04:35.387615,192.168.174.131,769,False,,
2025-10-04T17:04:35.387615,192.168.174.131,770,False,,
2025-10-04T17:04:35.387615,192.168.174.131,771,False,,
2025-10-04T17:04:35.387615,192.168.174.131,772,False,,
2025-10-04T17:04:35.387615,192.168.174.131,773,False,,
2025-10-04T17:04:35.387615,192.168.174.131,774,False,,
2025-10-04T17:04:35.387615,192.168.174.131,775,False,,
2025-10-04T17:04:35.387615,192.168.174.131,776,False,,
2025-10-04T17:04:35.387615,192.168.174.131,777,False,,
2025-10-04T17:04:35.387615,192.168.174.131,778,False,,
2025-10-04T17:04:35.387615,192.168.174.131,779,False,,
2025-10-04T17:04:35.387615,192.168.174.131,780,False,,
2025-10-04T17:04:35.387615,192.168.174.131,781,False,,
2025-10-04T17:04:35.387615,192.168.174.131,782,False,,
2025-10-04T17:04:35.387615,192.168.174.131,783,False,,
2025-10-04T17:04:35.387615,192.168.174.131,784,False,,
2025-10-04T17:04:35.387615,192.168.174.131,785,False,,
2025-10-04T17:04:35.387615,192.168.174.131,786,False,,
2025-10-04T17:04:35.387615,192.168.174.131,787,False,,
2025-10-04T17:04:35.387615,192.168.174.131,788,False,,
2025-10-04T17:04:35.387615,192.168.174.131,789,False,,
2025-10-04T17:04:35.387615,192.168.174.131,790,False,,
2025-10-04T17:04:35.387615,192.168.174.131,791,False,,
2025-10-04T17:04:35.387615,192.168.174.131,792,False,,
2025-10-04T17:04:35.387615,192.168.174.131,793,False,,
2025-10-04T17:04:35.387615,192.168.174.131,794,False,,
2025-10-04T17:04:35.387615,192.168.174.131,795,False,,
2025-10-04T17:04:35.387615,192.168.174.131,796,False,,
2025-10-04T17:04:35.387615,192.168.174.131,797,False,,
2025-10-04T17:04:35.387615,192.168.174.131,798,False,,
2025-10-04T17:04:35.387615,192.168.174.131,799,False,,
2025-10-04T17:04:35.387615,192.168.174.131,800,False,,
2025-10-04T17:04:35.387615,192.168.174.131,801,False,,
2025-10-04T17:04:35.387615,192.168.174.131,802,False,,
2025-10-04T17:04:35.387615,192.168.174.131,803,False,,
2025-10-04T17:04:35.387615,192.168.174.131,804,False,,
2025-10-04T17:04:35.387615,192.168.174.131,805,False,,
2025-10-04T17:04:35.387615,192.168.174.131,806,False,,
2025-10-04T17:04:35.387615,192.168.174.131,807,False,,
2025-10-04T17:04:35.387615,192.168.174.131,808,False,,
2025-10-04T17:04:35.387615,192.168.174.131,809,False,,
2025-10-04T17:04:35.387615,192.168.174.131,810,False,,
2025-10-04T17:04:35.387615,192.168.174.131,811,False,,
2025-10-04T17:04:35.387615,192.168.174.131,812,False,,
2025-10-04T17:04:35.387615,192.168.174.131,813,False,,
2025-10-04T17:04:35.387615,192.168.174.131,814,False,,
2025-10-04T17:04:35.387615,192.168.174.131,815,False,,
2025-10-04T17:04:35.387615,192.168.174.131,816,False,,
2025-10-04T17:04:35.387615,192.168.174.131,817,False,,
2025-10-04T17:04:35.387615,192.168.174.131,818,False,,
2025-10-04T17:04:35.387615,192.168.174.131,819,False,,
2025-10-04T17:04:35.387615,192.168.174.131,820,False,,
2025-10-04T17:04:35.387615,192.168.174.131,821,False,,
2025-10-04T17:04:35.387615,192.168.174.131,822,False,,
2025-10-04T17:04:35.387615,192.168.174.131,823,False,,
2025-10-04T17:04:35.387615,192.168.174.131,824,False,,
2025-10-04T17:04:35.387615,192.168.174.131,825,False,,
2025-10-04T17:04:35.387615,192.168.174.131,826,False,,
2025-10-04T17:04:35.387615,192.168.174.131,827,False,,
2025-10-04T17:04:35.387615,192.168.174.131,828,False,,
2025-10-04T17:04:35.387615,192.168.174.131,829,False,,
2025-10-04T17:04:35.387615,192.168.174.131,830,False,,
2025-10-04T17:04:35.387615,192.168.174.131,831,False,,
2025-10-04T17:04:35.387615,192.168.174.131,832,False,,
2025-10-04T17:04:35.387615,192.168.174.131,833,False,,
2025-10-04T17:04:35.387615,192.168.174.131,834,False,,
2025-10-04T17:04:35.387615,192.168.174.131,835,False,,
2025-10-04T17:04:35.387615,192.168.174.131,836,False,,
2025-10-04T17:04:35.387615,192.168.174.131,837,False,,
2025-10-04T17:04:35.387615,192.168.174.131,838,False,,
2025-10-04T17:04:35.387615,192.168.174.131,839,False,,
2025-10-04T17:04:35.387615,192.168.174.131,840,False,,
2025-10-04T17:04:35.387615,192.168.174.131,841,False,,
2025-10-04T17:04:35.387615,192.168.174.131,842,False,,
2025-10-04T17:04:35.387615,192.168.174.131,843,False,,
2025-10-04T17:04:35.387615,192.168.174.131,844,False,,
2025-10-04T17:04:35.387615,192.168.174.131,845,False,,
2025-10-04T17:04:35.387615,192.168.174.131,846,False,,
2025-10-04T17:04:35.387615,192.168.174.131,847,False,,
2025-10-04T17:04:35.387615,192.168.174.131,848,False,,
2025-10-04T17:04:35.387615,192.168.174.131,849,False,,
2025-10-04T17:04:35.387615,192.168.174.131,850,False,,
2025-10-04T17:04:35.387615,192.168.174.131,851,False,,
2025-10-04T17:04:35.387615,192.168.174.131,852,False,,
2025-10-04T17:04:35.387615,192.168.174.131,853,False,,
2025-10-04T17:04:35.387615,192.168.174.131,854,False,,
2025-10-04T17:04:35.387615,192.168.174.131,855,False,,
2025-10-04T17:04:35.387615,192.168.174.131,856,False,,
2025-10-04T17:04:35.387615,192.168.174.131,857,False,,
2025-10-04T17:04:35.387615,192.168.174.131,858,False,,
2025-10-04T17:04:35.387615,192.168.174.131,859,False,,
2025-10-04T17:04:35.387615,192.168.174.131,860,False,,
2025-10-04T17:04:35.387615,192.168.174.131,861,False,,
2025-10-04T17:04:35.387615,192.168.174.131,862,False,,
2025-10-04T17:04:35.387615,192.168.174.131,863,False,,
2025-10-04T17:04:35.387615,192.168.174.131,864,False,,
2025-10-04T17:04:35.387615,192.168.174.131,865,False,,
2025-10-04T17:04:35.387615,192.168.174.131,866,False,,
2025-10-04T17:04:35.387615,192.168.174.131,867,False,,
2025-10-04T17:04:35.387615,192.168.174.131,868,False,,
2025-10-04T17:04:35.387615,192.168.174.131,869,False,,
2025-10-04T17:04:35.387615,192.168.174.131,870,False,,
2025-10-04T17:04:35.387615,192.168.174.131,871,False,,
2025-10-04T17:04:35.387615,192.168.174.131,872,False,,
2025-10-04T17:04:35.387615,192.168.174.131,873,False,,
2025-10-04T17:04:35.387615,192.168.174.131,874,False,,
2025-10-04T17:04:35.387615,192.168.174.131,875,False,,
2025-10-04T17:04:35.387615,192.168.174.131,876,False,,
2025-10-04T17:04:35.387615,192.168.174.131,877,False,,
2025-10-04T17:04:35.387615,192.168.174.131,878,False,,
2025-10-04T17:04:35.387615,192.168.174.131,879,False,,
2025-10-04T17:04:35.387615,192.168.174.131,880,False,,
2025-10-04T17:04:35.387615,192.168.174.131,881,False,,
2025-10-04T17:04:35.387615,192.168.174.131,882,False,,
2025-10-04T17:04:35.387615,192.168.174.131,883,False,,
2025-10-04T17:04:35.387615,192.168.174.131,884,False,,
2025-10-04T17:04:35.387615,192.168.174.131,885,False,,
2025-10-04T17:04:35.387615,192.168.174.131,886,False,,
2025-10-04T17:04:35.387615,192.168.174.131,887,False,,
2025-10-04T17:04:35.387615,192.168.174.131,888,False,,
2025-10-04T17:04:35.387615,192.168.174.131,889,False,,
2025-10-04T17:04:35.387615,192.168.174.131,890,False,,
2025-10-04T17:04:35.387615,192.168.174.131,891,False,,
2025-10-04T17:04:35.387615,192.168.174.131,892,False,,
2025-10-04T17:04:35.387615,192.168.174.131,893,False,,
2025-10-04T17:04:35.387615,192.168.174.131,894,False,,
2025-10-04T17:04:35.387615,192.168.174.131,895,False,,
2025-10-04T17:04:35.387615,192.168.174.131,896,False,,
2025-10-04T17:04:35.387615,192.168.174.131,897,False,,
2025-10-04T17:04:35.387615,192.168.174.131,898,False,,
2025-10-04T17:04:35.387615,192.168.174.131,899,False,,
2025-10-04T17:04:35.387615,192.168.174.131,900,False,,
2025-10-04T17:04:35.387615,192.168.174.131,901,False,,
2025-10-04T17:04:35.387615,192.168.174.131,902,False,,
2025-10-04T17:04:35.387615,192.168.174.131,903,False,,
2025-10-04T17:04:35.387615,192.168.174.131,904,False,,
2025-10-04T17:04:35.387615,192.168.174.131,905,False,,
2025-10-04T17:04:35.387615,192.168.174.131,906,False,,
2025-10-04T17:04:35.387615,192.168.174.131,907,False,,
2025-10-04T17:04:35.387615,192.168.174.131,908,False,,
2025-10-04T17:04:35.387615,192.168.174.131,909,False,,
2025-10-04T17:04:35.387615,192.168.174.131,910,False,,
2025-10-04T17:04:35.387615,192.168.174.131,911,False,,
2025-10-04T17:04:35.387615,192.168.174.131,912,False,,
2025-10-04T17:04:35.387615,192.168.174.131,913,False,,
2025-10-04T17:04:35.387615,192.168.174.131,914,False,,
2025-10-04T17:04:35.387615,192.168.174.131,915,False,,
2025-10-04T17:04:35.387615,192.168.174.131,916,False,,
2025-10-04T17:04:35.387615,192.168.174.131,917,False,,
2025-10-04T17:04:35.387615,192.168.174.131,918,False,,
2025-10-04T17:04:35.387615,192.168.174.131,919,False,,
2025-10-04T17:04:35.387615,192.168.174.131,920,False,,
2025-10-04T17:04:35.387615,192.168.174.131,921,False,,
2025-10-04T17:04:35.387615,192.168.174.131,922,False,,
2025-10-04T17:04:35.387615,192.168.174.131,923,False,,
2025-10-04T17:04:35.387615,192.168.174.131,924,False,,
2025-10-04T17:04:35.387615,192.168.174.131,925,False,,
2025-10-04T17:04:35.387615,192.168.174.131,926,False,,
2025-10-04T17:04:35.387615,192.168.174.131,927,False,,
2025-10-04T17:04:35.387615,192.168.174.131,928,False,,
2025-10-04T17:04:35.387615,192.168.174.131,929,False,,
2025-10-04T17:04:35.387615,192.168.174.131,930,False,,
2025-10-04T17:04:35.387615,192.168.174.131,931,False,,
2025-10-04T17:04:35.387615,192.168.174.131,932,False,,
2025-10-04T17:04:35.387615,192.168.174.131,933,False,,
2025-10-04T17:04:35.387615,192.168.174.131,934,False,,
2025-10-04T17:04:35.387615,192.168.174.131,935,False,,
2025-10-04T17:04:35.387615,192.168.174.131,936,False,,
2025-10-04T17:04:35.387615,192.168.174.131,937,False,,
2025-10-04T17:04:35.387615,192.168.174.131,938,False,,
2025-10-04T17:04:35.387615,192.168.174.131,939,False,,
2025-10-04T17:04:35.387615,192.168.174.131,940,False,,
2025-10-04T17:04:35.387615,192.168.174.131,941,False,,
2025-10-04T17:04:35.387615,192.168.174.131,942,False,,
2025-10-04T17:04:35.387615,192.168.174.131,943,False,,
2025-10-04T17:04:35.387615,192.168.174.131,944,False,,
2025-10-04T17:04:35.387615,192.168.174.131,945,False,,
2025-10-04T17:04:35.387615,192.168.174.131,946,False,,
2025-10-04T17:04:35.387615,192.168.174.131,947,False,,
2025-10-04T17:04:35.387615,192.168.174.131,948,False,,
2025-10-04T17:04:35.387615,192.168.174.131,949,False,,
2025-10-04T17:04:35.387615,192.168.174.131,950,False,,
2025-10-04T17:04:35.387615,192.168.174.131,951,False,,
2025-10-04T17:04:35.387615,192.168.174.131,952,False,,
2025-10-04T17:04:35.387615,192.168.174.131,953,False,,
2025-10-04T17:04:35.387615,192.168.174.131,954,False,,
2025-10-04T17:04:35.387615,192.168.174.131,955,False,,
2025-10-04T17:04:35.387615,192.168.174.131,956,False,,
2025-10-04T17:04:35.387615,192.168.174.131,957,False,,
2025-10-04T17:04:35.387615,192.168.174.131,958,False,,
2025-10-04T17:04:35.387615,192.168.174.131,959,False,,
2025-10-04T17:04:35.387615,192.168.174.131,960,False,,
2025-10-04T17:04:35.387615,192.168.174.131,961,False,,
2025-10-04T17:04:35.387615,192.168.174.131,962,False,,
2025-10-04T17:04:35.387615,192.168.174.131,963,False,,
2025-10-04T17:04:35.387615,192.168.174.131,964,False,,
2025-10-04T17:04:35.387615,192.168.174.131,965,False,,
2025-10-04T17:04:35.387615,192.168.174.131,966,False,,
2025-10-04T17:04:35.387615,192.168.174.131,967,False,,
2025-10-04T17:04:35.387615,192.168.174.131,968,False,,
2025-10-04T17:04:35.387615,192.168.174.131,969,False,,
2025-10-04T17:04:35.387615,192.168.174.131,970,False,,
2025-10-04T17:04:35.387615,192.168.174.131,971,False,,
2025-10-04T17:04:35.387615,192.168.174.131,972,False,,
2025-10-04T17:04:35.387615,192.168.174.131,973,False,,
2025-10-04T17:04:35.387615,192.168.174.131,974,False,,
2025-10-04T17:04:35.387615,192.168.174.131,975,False,,
2025-10-04T17:04:35.387615,192.168.174.131,976,False,,
2025-10-04T17:04:35.387615,192.168.174.131,977,False,,
2025-10-04T17:04:35.387615,192.168.174.131,978,False,,
2025-10-04T17:04:35.387615,192.168.174.131,979,False,,
2025-10-04T17:04:35.387615,192.168.174.131,980,False,,
2025-10-04T17:04:35.387615,192.168.174.131,981,False,,
2025-10-04T17:04:35.387615,192.168.174.131,982,False,,
2025-10-04T17:04:35.387615,192.168.174.131,983,False,,
2025-10-04T17:04:35.387615,192.168.174.131,984,False,,
2025-10-04T17:04:35.387615,192.168.174.131,985,False,,
2025-10-04T17:04:35.387615,192.168.174.131,986,False,,
2025-10-04T17:04:35.387615,192.168.174.131,987,False,,
2025-10-04T17:04:35.387615,192.168.174.131,988,False,,
2025-10-04T17:04:35.387615,192.168.174.131,989,False,,
2025-10-04T17:04:35.387615,192.168.174.131,990,False,,
2025-10-04T17:04:35.387615,192.168.174.131,991,False,,
2025-10-04T17:04:35.387615,192.168.174.131,992,False,,
2025-10-04T17:04:35.387615,192.168.174.131,993,False,,
2025-10-04T17:04:35.387615,192.168.174.131,994,False,,
2025-10-04T17:04:35.387615,192.168.174.131,995,False,,
2025-10-04T17:04:35.387615,192.168.174.131,996,False,,
2025-10-04T17:04:35.387615,192.168.174.131,997,False,,
2025-10-04T17:04:35.387615,192.168.174.131,998,False,,
2025-10-04T17:04:35.387615,192.168.174.131,999,False,,
2025-10-04T17:04:35.387615,192.168.174.131,1000,False,,
